{
  "hash": "ccca637d",
  "configHash": "e85b8562",
  "lockfileHash": "56f5b4e7",
  "browserHash": "c2d2ec4e",
  "optimized": {
    "@angular/core": {
      "src": "../../../../../../node_modules/@angular/core/fesm2022/core.mjs",
      "file": "@angular_core.js",
      "fileHash": "13209afe",
      "needsInterop": false
    },
    "@angular/platform-browser": {
      "src": "../../../../../../node_modules/@angular/platform-browser/fesm2022/platform-browser.mjs",
      "file": "@angular_platform-browser.js",
      "fileHash": "5a4dfdc6",
      "needsInterop": false
    },
    "@angular/router": {
      "src": "../../../../../../node_modules/@angular/router/fesm2022/router.mjs",
      "file": "@angular_router.js",
      "fileHash": "7746470f",
      "needsInterop": false
    },
    "@ionic/angular/standalone": {
      "src": "../../../../../../node_modules/@ionic/angular/fesm2022/ionic-angular-standalone.mjs",
      "file": "@ionic_angular_standalone.js",
      "fileHash": "7ef4bbba",
      "needsInterop": false
    }
  },
  "chunks": {
    "hardware-back-button-4ABOUA43": {
      "file": "hardware-back-button-4ABOUA43.js"
    },
    "swipe-back-EUY2WVIZ": {
      "file": "swipe-back-EUY2WVIZ.js"
    },
    "keyboard2-USZOTB33": {
      "file": "keyboard2-USZOTB33.js"
    },
    "index9-2C5EMTSY": {
      "file": "index9-2C5EMTSY.js"
    },
    "status-tap-XJMXWETM": {
      "file": "status-tap-XJMXWETM.js"
    },
    "input-shims-DKRAXPZW": {
      "file": "input-shims-DKRAXPZW.js"
    },
    "focus-visible-RAFDA6YZ": {
      "file": "focus-visible-RAFDA6YZ.js"
    },
    "chunk-VHXHNOM7": {
      "file": "chunk-VHXHNOM7.js"
    },
    "chunk-EUT5B6DW": {
      "file": "chunk-EUT5B6DW.js"
    },
    "chunk-YYDXBVMM": {
      "file": "chunk-YYDXBVMM.js"
    },
    "chunk-2JEBYUUE": {
      "file": "chunk-2JEBYUUE.js"
    },
    "chunk-KTF5IVP7": {
      "file": "chunk-KTF5IVP7.js"
    },
    "chunk-7Q5HCUSL": {
      "file": "chunk-7Q5HCUSL.js"
    },
    "chunk-N7EZU6WB": {
      "file": "chunk-N7EZU6WB.js"
    },
    "chunk-VIOQPE4E": {
      "file": "chunk-VIOQPE4E.js"
    },
    "chunk-5GF5AY4Y": {
      "file": "chunk-5GF5AY4Y.js"
    },
    "shadow-css-KQBFNRGS": {
      "file": "shadow-css-KQBFNRGS.js"
    },
    "ios.transition-ELHTW3IQ": {
      "file": "ios__transition-ELHTW3IQ.js"
    },
    "chunk-ANU3AEU6": {
      "file": "chunk-ANU3AEU6.js"
    },
    "md.transition-KSK7AJVA": {
      "file": "md__transition-KSK7AJVA.js"
    },
    "chunk-7PGLFGPW": {
      "file": "chunk-7PGLFGPW.js"
    },
    "chunk-3NV52GLI": {
      "file": "chunk-3NV52GLI.js"
    },
    "chunk-RLWKXT3T": {
      "file": "chunk-RLWKXT3T.js"
    },
    "chunk-CJ5MJUPJ": {
      "file": "chunk-CJ5MJUPJ.js"
    },
    "chunk-L6BHBXTE": {
      "file": "chunk-L6BHBXTE.js"
    },
    "chunk-ZWBDDU4U": {
      "file": "chunk-ZWBDDU4U.js"
    },
    "index3-VXTLLDIH": {
      "file": "index3-VXTLLDIH.js"
    },
    "chunk-4AF7KAXZ": {
      "file": "chunk-4AF7KAXZ.js"
    },
    "chunk-ZVATTXSA": {
      "file": "chunk-ZVATTXSA.js"
    }
  }
}